user_id,habit_id,date,status
1,2,2026-06-10,Completed
1,2,2026-06-12,Completed
1,2,2026-06-14,Completed
1,3,2026-06-11,Completed
1,3,2026-06-12,Completed
1,3,2026-06-13,Completed
1,3,2026-06-14,Completed
1,3,2026-06-15,Completed
2,4,2026-06-10,Completed
2,4,2026-06-11,Completed
2,4,2026-06-12,Completed
2,4,2026-06-13,Completed
2,4,2026-06-14,Completed
2,4,2026-06-15,Completed
2,4,2026-06-16,Completed
2,5,2026-06-10,Completed
2,5,2026-06-11,Completed
2,5,2026-06-12,Completed
2,5,2026-06-14,Completed
2,5,2026-06-15,Completed
2,5,2026-06-16,Completed
2,6,2026-06-10,Completed
2,6,2026-06-11,Completed
2,6,2026-06-12,Completed
2,6,2026-06-13,Completed
2,6,2026-06-14,Completed
2,6,2026-06-15,Completed
2,6,2026-06-16,Completed
3,7,2026-06-12,Completed
3,7,2026-06-13,Completed
3,7,2026-06-14,Completed
3,7,2026-06-15,Completed
3,7,2026-06-16,Completed
3,8,2026-06-10,Completed
3,8,2026-06-11,Completed
3,8,2026-06-13,Completed
3,8,2026-06-14,Completed
3,8,2026-06-15,Completed
3,8,2026-06-16,Completed
3,9,2026-06-11,Completed
3,9,2026-06-14,Completed
3,9,2026-06-15,Completed
4,10,2026-06-10,Completed
4,10,2026-06-11,Completed
4,10,2026-06-12,Completed
4,10,2026-06-13,Completed
4,10,2026-06-14,Completed
4,10,2026-06-15,Completed
4,10,2026-06-16,Completed
4,11,2026-06-10,Completed
4,11,2026-06-11,Completed
4,11,2026-06-12,Completed
4,11,2026-06-13,Completed
4,11,2026-06-14,Completed
4,11,2026-06-15,Completed
4,11,2026-06-16,Completed
4,12,2026-06-12,Completed
4,12,2026-06-15,Completed
5,13,2026-06-10,Completed
5,13,2026-06-11,Completed
5,13,2026-06-12,Completed
5,13,2026-06-13,Completed
5,13,2026-06-14,Completed
5,13,2026-06-15,Completed
5,13,2026-06-16,Completed
5,14,2026-06-11,Completed
5,14,2026-06-12,Completed
5,14,2026-06-14,Completed
5,14,2026-06-15,Completed
5,15,2026-06-16,Completed
1,3,2026-06-16,Completed
1,1,2026-06-11,Completed
1,1,2026-06-12,Completed
1,1,2026-06-16,Completed
